-- MySQL dump 10.13  Distrib 5.1.54, for debian-linux-gnu (x86_64)
--
-- Host: localhost    Database: bulilit
-- ------------------------------------------------------
-- Server version	5.1.54-1ubuntu4

/*!40101 SET @OLD_CHARACTER_SET_CLIENT=@@CHARACTER_SET_CLIENT */;
/*!40101 SET @OLD_CHARACTER_SET_RESULTS=@@CHARACTER_SET_RESULTS */;
/*!40101 SET @OLD_COLLATION_CONNECTION=@@COLLATION_CONNECTION */;
/*!40101 SET NAMES utf8 */;
/*!40103 SET @OLD_TIME_ZONE=@@TIME_ZONE */;
/*!40103 SET TIME_ZONE='+00:00' */;
/*!40014 SET @OLD_UNIQUE_CHECKS=@@UNIQUE_CHECKS, UNIQUE_CHECKS=0 */;
/*!40014 SET @OLD_FOREIGN_KEY_CHECKS=@@FOREIGN_KEY_CHECKS, FOREIGN_KEY_CHECKS=0 */;
/*!40101 SET @OLD_SQL_MODE=@@SQL_MODE, SQL_MODE='NO_AUTO_VALUE_ON_ZERO' */;
/*!40111 SET @OLD_SQL_NOTES=@@SQL_NOTES, SQL_NOTES=0 */;

--
-- Current Database: `bulilit`
--

CREATE DATABASE /*!32312 IF NOT EXISTS*/ `bulilit` /*!40100 DEFAULT CHARACTER SET latin1 */;

USE `bulilit`;

--
-- Table structure for table `AtRelToGuard`
--

DROP TABLE IF EXISTS `AtRelToGuard`;
/*!40101 SET @saved_cs_client     = @@character_set_client */;
/*!40101 SET character_set_client = utf8 */;
CREATE TABLE `AtRelToGuard` (
  `RelID` int(64) NOT NULL AUTO_INCREMENT,
  `RelKind` varchar(40) NOT NULL,
  PRIMARY KEY (`RelID`)
) ENGINE=InnoDB AUTO_INCREMENT=6 DEFAULT CHARSET=latin1;
/*!40101 SET character_set_client = @saved_cs_client */;

--
-- Dumping data for table `AtRelToGuard`
--

LOCK TABLES `AtRelToGuard` WRITE;
/*!40000 ALTER TABLE `AtRelToGuard` DISABLE KEYS */;
INSERT INTO `AtRelToGuard` VALUES (1,'Mother'),(2,'Father'),(3,'Legal Guardian'),(4,'Sister'),(5,'Brother');
/*!40000 ALTER TABLE `AtRelToGuard` ENABLE KEYS */;
UNLOCK TABLES;

--
-- Table structure for table `At_Address`
--

DROP TABLE IF EXISTS `At_Address`;
/*!40101 SET @saved_cs_client     = @@character_set_client */;
/*!40101 SET character_set_client = utf8 */;
CREATE TABLE `At_Address` (
  `AddressID` int(11) NOT NULL AUTO_INCREMENT,
  `Street` varchar(40) NOT NULL,
  `City` varchar(40) NOT NULL,
  `Country` varchar(40) NOT NULL,
  `Province` varchar(40) NOT NULL,
  `PostalCode` varchar(40) NOT NULL,
  `Barangay` varchar(40) NOT NULL,
  PRIMARY KEY (`AddressID`)
) ENGINE=InnoDB AUTO_INCREMENT=5 DEFAULT CHARSET=latin1;
/*!40101 SET character_set_client = @saved_cs_client */;

--
-- Dumping data for table `At_Address`
--

LOCK TABLES `At_Address` WRITE;
/*!40000 ALTER TABLE `At_Address` DISABLE KEYS */;
INSERT INTO `At_Address` VALUES (1,'Rizal','Quezon','PH','NCR','1109','Milagrosa'),(2,'Avenida','Manila','PH','NCR','1010','Wakawaka'),(3,'gilpuyat','Manila','PH','NCR','1670','Socoro'),(4,'Mascardo','QC','PH','NCR','1110','Maria Clara');
/*!40000 ALTER TABLE `At_Address` ENABLE KEYS */;
UNLOCK TABLES;

--
-- Table structure for table `Athlete`
--

DROP TABLE IF EXISTS `Athlete`;
/*!40101 SET @saved_cs_client     = @@character_set_client */;
/*!40101 SET character_set_client = utf8 */;
CREATE TABLE `Athlete` (
  `MembershipID` int(11) NOT NULL AUTO_INCREMENT,
  `GID` int(11) NOT NULL,
  `AddressID` int(11) NOT NULL,
  `RelID` int(11) NOT NULL,
  `FirstName` varchar(40) NOT NULL,
  `Surname` varchar(40) NOT NULL,
  `DateOfBirth` date NOT NULL,
  `PaymentDate` date NOT NULL,
  `MiddleInitial` varchar(40) NOT NULL,
  `Gender` varchar(10) NOT NULL,
  `TelNumber` varchar(15) NOT NULL,
  `E-mail` varchar(40) NOT NULL,
  PRIMARY KEY (`MembershipID`),
  KEY `GID` (`GID`),
  KEY `AddressID` (`AddressID`),
  KEY `RelID` (`RelID`),
  CONSTRAINT `Athlete_ibfk_3` FOREIGN KEY (`AddressID`) REFERENCES `At_Address` (`AddressID`),
  CONSTRAINT `Athlete_ibfk_1` FOREIGN KEY (`RelID`) REFERENCES `AtRelToGuard` (`RelID`),
  CONSTRAINT `Athlete_ibfk_2` FOREIGN KEY (`GID`) REFERENCES `Guardian` (`GID`)
) ENGINE=InnoDB AUTO_INCREMENT=6 DEFAULT CHARSET=latin1;
/*!40101 SET character_set_client = @saved_cs_client */;

--
-- Dumping data for table `Athlete`
--

LOCK TABLES `Athlete` WRITE;
/*!40000 ALTER TABLE `Athlete` DISABLE KEYS */;
INSERT INTO `Athlete` VALUES (1,3,1,3,'Pepe','binghot','2001-10-14','2011-10-14','B','Male','134-4455','Pb@example.com'),(2,4,2,1,'Jason','Dagohoy','2001-11-13','2011-10-14','C','Male','222-4455','DJ@example.com'),(3,2,4,2,'Jay','Dago','2002-09-13','2011-10-12','M','Male','999-4455','jd@example.com'),(4,3,2,1,'Elixir','Amigo','2000-09-13','2011-10-12','M','Male','799-4455','exc@example.com'),(5,1,3,3,'Felix','Amiga','2000-08-13','2011-10-12','M','Male','700-4455','fa@example.com');
/*!40000 ALTER TABLE `Athlete` ENABLE KEYS */;
UNLOCK TABLES;

--
-- Table structure for table `AthleteGrades`
--

DROP TABLE IF EXISTS `AthleteGrades`;
/*!40101 SET @saved_cs_client     = @@character_set_client */;
/*!40101 SET character_set_client = utf8 */;
CREATE TABLE `AthleteGrades` (
  `AGradeID` int(11) NOT NULL AUTO_INCREMENT,
  `MembershipID` int(11) NOT NULL,
  `GradeID` int(11) NOT NULL,
  `SportID` int(11) NOT NULL,
  PRIMARY KEY (`AGradeID`),
  KEY `MembershipID` (`MembershipID`),
  KEY `GradeID` (`GradeID`),
  KEY `SportID` (`SportID`),
  CONSTRAINT `AthleteGrades_ibfk_3` FOREIGN KEY (`SportID`) REFERENCES `Sport` (`SportID`),
  CONSTRAINT `AthleteGrades_ibfk_1` FOREIGN KEY (`MembershipID`) REFERENCES `Athlete` (`MembershipID`),
  CONSTRAINT `AthleteGrades_ibfk_2` FOREIGN KEY (`GradeID`) REFERENCES `Grade` (`GradeID`)
) ENGINE=InnoDB AUTO_INCREMENT=4 DEFAULT CHARSET=latin1;
/*!40101 SET character_set_client = @saved_cs_client */;

--
-- Dumping data for table `AthleteGrades`
--

LOCK TABLES `AthleteGrades` WRITE;
/*!40000 ALTER TABLE `AthleteGrades` DISABLE KEYS */;
INSERT INTO `AthleteGrades` VALUES (1,1,1,1),(2,5,3,1),(3,3,2,1);
/*!40000 ALTER TABLE `AthleteGrades` ENABLE KEYS */;
UNLOCK TABLES;

--
-- Table structure for table `AthleteStatus`
--

DROP TABLE IF EXISTS `AthleteStatus`;
/*!40101 SET @saved_cs_client     = @@character_set_client */;
/*!40101 SET character_set_client = utf8 */;
CREATE TABLE `AthleteStatus` (
  `MembershipID` int(11) NOT NULL AUTO_INCREMENT,
  `CoachID` int(11) NOT NULL,
  `StatusID` int(11) NOT NULL,
  PRIMARY KEY (`MembershipID`),
  UNIQUE KEY `MembershipID` (`MembershipID`),
  KEY `CoachID` (`CoachID`,`StatusID`),
  KEY `StatusID` (`StatusID`),
  CONSTRAINT `AthleteStatus_ibfk_3` FOREIGN KEY (`StatusID`) REFERENCES `Status` (`StatusID`),
  CONSTRAINT `AthleteStatus_ibfk_1` FOREIGN KEY (`MembershipID`) REFERENCES `Athlete` (`MembershipID`),
  CONSTRAINT `AthleteStatus_ibfk_2` FOREIGN KEY (`CoachID`) REFERENCES `Coach` (`CoachID`)
) ENGINE=InnoDB DEFAULT CHARSET=latin1;
/*!40101 SET character_set_client = @saved_cs_client */;

--
-- Dumping data for table `AthleteStatus`
--

LOCK TABLES `AthleteStatus` WRITE;
/*!40000 ALTER TABLE `AthleteStatus` DISABLE KEYS */;
/*!40000 ALTER TABLE `AthleteStatus` ENABLE KEYS */;
UNLOCK TABLES;

--
-- Table structure for table `Coach`
--

DROP TABLE IF EXISTS `Coach`;
/*!40101 SET @saved_cs_client     = @@character_set_client */;
/*!40101 SET character_set_client = utf8 */;
CREATE TABLE `Coach` (
  `CoachID` int(11) NOT NULL AUTO_INCREMENT,
  `Name` varchar(80) NOT NULL,
  `SSSNo` varchar(12) NOT NULL,
  PRIMARY KEY (`CoachID`)
) ENGINE=InnoDB AUTO_INCREMENT=5 DEFAULT CHARSET=latin1;
/*!40101 SET character_set_client = @saved_cs_client */;

--
-- Dumping data for table `Coach`
--

LOCK TABLES `Coach` WRITE;
/*!40000 ALTER TABLE `Coach` DISABLE KEYS */;
INSERT INTO `Coach` VALUES (1,'Norman Black','1234567890'),(2,'Benjie Paras','0987654321'),(3,'Jaworski','1357908642'),(4,'Shaq','121234345656');
/*!40000 ALTER TABLE `Coach` ENABLE KEYS */;
UNLOCK TABLES;

--
-- Table structure for table `CoachContactDetails`
--

DROP TABLE IF EXISTS `CoachContactDetails`;
/*!40101 SET @saved_cs_client     = @@character_set_client */;
/*!40101 SET character_set_client = utf8 */;
CREATE TABLE `CoachContactDetails` (
  `ContactID` int(11) NOT NULL AUTO_INCREMENT,
  `CoachID` int(11) NOT NULL,
  `Address` varchar(80) DEFAULT NULL,
  `TelNo` varchar(15) DEFAULT NULL,
  `MobileNo` varchar(15) DEFAULT NULL,
  `E-mail` varchar(40) DEFAULT NULL,
  PRIMARY KEY (`ContactID`),
  KEY `CoachID` (`CoachID`),
  CONSTRAINT `CoachContactDetails_ibfk_1` FOREIGN KEY (`CoachID`) REFERENCES `Coach` (`CoachID`)
) ENGINE=InnoDB AUTO_INCREMENT=5 DEFAULT CHARSET=latin1;
/*!40101 SET character_set_client = @saved_cs_client */;

--
-- Dumping data for table `CoachContactDetails`
--

LOCK TABLES `CoachContactDetails` WRITE;
/*!40000 ALTER TABLE `CoachContactDetails` DISABLE KEYS */;
INSERT INTO `CoachContactDetails` VALUES (1,1,'Quezon City','434-2323','0918-377-5000','jj@example.com'),(2,4,'Cebu City','654-2323','0919-377-5555','c6j@example.com'),(3,2,'Naga City','534-2323','0910-377-5000','nj@example.com'),(4,3,'Cebu City','554-2323','0919-377-5000','cj@example.com');
/*!40000 ALTER TABLE `CoachContactDetails` ENABLE KEYS */;
UNLOCK TABLES;

--
-- Table structure for table `CompetitionParticipants`
--

DROP TABLE IF EXISTS `CompetitionParticipants`;
/*!40101 SET @saved_cs_client     = @@character_set_client */;
/*!40101 SET character_set_client = utf8 */;
CREATE TABLE `CompetitionParticipants` (
  `CompetitionID` int(11) NOT NULL,
  `MembershipID` int(11) NOT NULL,
  `CoachID` int(11) NOT NULL,
  `Points` int(11) NOT NULL,
  `RolePosition` varchar(40) NOT NULL,
  KEY `CompetitionID` (`CompetitionID`,`MembershipID`,`CoachID`),
  KEY `MembershipID` (`MembershipID`),
  KEY `CoachID` (`CoachID`),
  CONSTRAINT `CompetitionParticipants_ibfk_3` FOREIGN KEY (`CoachID`) REFERENCES `Coach` (`CoachID`),
  CONSTRAINT `CompetitionParticipants_ibfk_1` FOREIGN KEY (`CompetitionID`) REFERENCES `TeamCompetitionHistory` (`CompetitionID`),
  CONSTRAINT `CompetitionParticipants_ibfk_2` FOREIGN KEY (`MembershipID`) REFERENCES `Athlete` (`MembershipID`)
) ENGINE=InnoDB DEFAULT CHARSET=latin1;
/*!40101 SET character_set_client = @saved_cs_client */;

--
-- Dumping data for table `CompetitionParticipants`
--

LOCK TABLES `CompetitionParticipants` WRITE;
/*!40000 ALTER TABLE `CompetitionParticipants` DISABLE KEYS */;
/*!40000 ALTER TABLE `CompetitionParticipants` ENABLE KEYS */;
UNLOCK TABLES;

--
-- Table structure for table `Grade`
--

DROP TABLE IF EXISTS `Grade`;
/*!40101 SET @saved_cs_client     = @@character_set_client */;
/*!40101 SET character_set_client = utf8 */;
CREATE TABLE `Grade` (
  `GradeID` int(8) NOT NULL AUTO_INCREMENT,
  `Grade` varchar(1) NOT NULL,
  PRIMARY KEY (`GradeID`)
) ENGINE=InnoDB AUTO_INCREMENT=4 DEFAULT CHARSET=latin1;
/*!40101 SET character_set_client = @saved_cs_client */;

--
-- Dumping data for table `Grade`
--

LOCK TABLES `Grade` WRITE;
/*!40000 ALTER TABLE `Grade` DISABLE KEYS */;
INSERT INTO `Grade` VALUES (1,'A'),(2,'B'),(3,'C');
/*!40000 ALTER TABLE `Grade` ENABLE KEYS */;
UNLOCK TABLES;

--
-- Table structure for table `Guardian`
--

DROP TABLE IF EXISTS `Guardian`;
/*!40101 SET @saved_cs_client     = @@character_set_client */;
/*!40101 SET character_set_client = utf8 */;
CREATE TABLE `Guardian` (
  `GID` int(11) NOT NULL AUTO_INCREMENT,
  `AddressID` int(11) NOT NULL,
  `FirstName` varchar(40) NOT NULL,
  `Surname` varchar(40) NOT NULL,
  `TelNumber` varchar(20) NOT NULL,
  `E-Mail` varchar(40) NOT NULL,
  PRIMARY KEY (`GID`),
  KEY `AddressID` (`AddressID`),
  CONSTRAINT `Guardian_ibfk_1` FOREIGN KEY (`AddressID`) REFERENCES `At_Address` (`AddressID`)
) ENGINE=InnoDB AUTO_INCREMENT=5 DEFAULT CHARSET=latin1;
/*!40101 SET character_set_client = @saved_cs_client */;

--
-- Dumping data for table `Guardian`
--

LOCK TABLES `Guardian` WRITE;
/*!40000 ALTER TABLE `Guardian` DISABLE KEYS */;
INSERT INTO `Guardian` VALUES (1,1,'Jose','Binifacio','12345123','jb@example.com'),(2,2,'Tonyo','Duhaylungsod','888-7777','td@example.com'),(3,3,'Toto','Bulag','444-7777','tb@example.com'),(4,4,'Tina','Marina','444-8888','tm@example.com');
/*!40000 ALTER TABLE `Guardian` ENABLE KEYS */;
UNLOCK TABLES;

--
-- Table structure for table `Permission`
--

DROP TABLE IF EXISTS `Permission`;
/*!40101 SET @saved_cs_client     = @@character_set_client */;
/*!40101 SET character_set_client = utf8 */;
CREATE TABLE `Permission` (
  `PermissionCode` int(11) NOT NULL AUTO_INCREMENT,
  `PermissionKind` varchar(20) NOT NULL,
  PRIMARY KEY (`PermissionCode`)
) ENGINE=InnoDB AUTO_INCREMENT=6 DEFAULT CHARSET=latin1;
/*!40101 SET character_set_client = @saved_cs_client */;

--
-- Dumping data for table `Permission`
--

LOCK TABLES `Permission` WRITE;
/*!40000 ALTER TABLE `Permission` DISABLE KEYS */;
INSERT INTO `Permission` VALUES (1,'Admin'),(2,'Athlete'),(3,'Coach'),(4,'Guardian'),(5,'Club Staff');
/*!40000 ALTER TABLE `Permission` ENABLE KEYS */;
UNLOCK TABLES;

--
-- Table structure for table `Practice`
--

DROP TABLE IF EXISTS `Practice`;
/*!40101 SET @saved_cs_client     = @@character_set_client */;
/*!40101 SET character_set_client = utf8 */;
CREATE TABLE `Practice` (
  `PracticeID` int(11) NOT NULL AUTO_INCREMENT,
  `TeamID` int(11) NOT NULL,
  `Date` date NOT NULL,
  `Time` time NOT NULL,
  `Venue` varchar(40) NOT NULL,
  PRIMARY KEY (`PracticeID`),
  KEY `TeamID` (`TeamID`),
  CONSTRAINT `Practice_ibfk_1` FOREIGN KEY (`TeamID`) REFERENCES `Team` (`TeamID`)
) ENGINE=InnoDB DEFAULT CHARSET=latin1;
/*!40101 SET character_set_client = @saved_cs_client */;

--
-- Dumping data for table `Practice`
--

LOCK TABLES `Practice` WRITE;
/*!40000 ALTER TABLE `Practice` DISABLE KEYS */;
/*!40000 ALTER TABLE `Practice` ENABLE KEYS */;
UNLOCK TABLES;

--
-- Table structure for table `PracticeDetails`
--

DROP TABLE IF EXISTS `PracticeDetails`;
/*!40101 SET @saved_cs_client     = @@character_set_client */;
/*!40101 SET character_set_client = utf8 */;
CREATE TABLE `PracticeDetails` (
  `PracticeID` int(11) NOT NULL,
  `TeamID` int(11) NOT NULL,
  `MembershipID` int(11) NOT NULL,
  `RolePosition` varchar(20) NOT NULL,
  `Points` int(11) NOT NULL,
  KEY `PracticeID` (`PracticeID`,`TeamID`,`MembershipID`),
  KEY `TeamID` (`TeamID`),
  KEY `MembershipID` (`MembershipID`),
  CONSTRAINT `PracticeDetails_ibfk_3` FOREIGN KEY (`MembershipID`) REFERENCES `Athlete` (`MembershipID`),
  CONSTRAINT `PracticeDetails_ibfk_1` FOREIGN KEY (`PracticeID`) REFERENCES `Practice` (`PracticeID`),
  CONSTRAINT `PracticeDetails_ibfk_2` FOREIGN KEY (`TeamID`) REFERENCES `Team` (`TeamID`)
) ENGINE=InnoDB DEFAULT CHARSET=latin1;
/*!40101 SET character_set_client = @saved_cs_client */;

--
-- Dumping data for table `PracticeDetails`
--

LOCK TABLES `PracticeDetails` WRITE;
/*!40000 ALTER TABLE `PracticeDetails` DISABLE KEYS */;
/*!40000 ALTER TABLE `PracticeDetails` ENABLE KEYS */;
UNLOCK TABLES;

--
-- Table structure for table `Sessions`
--

DROP TABLE IF EXISTS `Sessions`;
/*!40101 SET @saved_cs_client     = @@character_set_client */;
/*!40101 SET character_set_client = utf8 */;
CREATE TABLE `Sessions` (
  `SessionID` varchar(32) NOT NULL,
  `UserID` int(11) NOT NULL,
  `TimeStartSess` time NOT NULL,
  PRIMARY KEY (`SessionID`),
  KEY `UserID` (`UserID`),
  CONSTRAINT `Sessions_ibfk_1` FOREIGN KEY (`UserID`) REFERENCES `Users` (`UserID`)
) ENGINE=InnoDB DEFAULT CHARSET=latin1;
/*!40101 SET character_set_client = @saved_cs_client */;

--
-- Dumping data for table `Sessions`
--

LOCK TABLES `Sessions` WRITE;
/*!40000 ALTER TABLE `Sessions` DISABLE KEYS */;
/*!40000 ALTER TABLE `Sessions` ENABLE KEYS */;
UNLOCK TABLES;

--
-- Table structure for table `Sport`
--

DROP TABLE IF EXISTS `Sport`;
/*!40101 SET @saved_cs_client     = @@character_set_client */;
/*!40101 SET character_set_client = utf8 */;
CREATE TABLE `Sport` (
  `SportID` int(11) NOT NULL AUTO_INCREMENT,
  `Sport` varchar(40) NOT NULL,
  PRIMARY KEY (`SportID`)
) ENGINE=InnoDB AUTO_INCREMENT=2 DEFAULT CHARSET=latin1;
/*!40101 SET character_set_client = @saved_cs_client */;

--
-- Dumping data for table `Sport`
--

LOCK TABLES `Sport` WRITE;
/*!40000 ALTER TABLE `Sport` DISABLE KEYS */;
INSERT INTO `Sport` VALUES (1,'Basketball');
/*!40000 ALTER TABLE `Sport` ENABLE KEYS */;
UNLOCK TABLES;

--
-- Table structure for table `Squad`
--

DROP TABLE IF EXISTS `Squad`;
/*!40101 SET @saved_cs_client     = @@character_set_client */;
/*!40101 SET character_set_client = utf8 */;
CREATE TABLE `Squad` (
  `SquadID` int(11) NOT NULL AUTO_INCREMENT,
  `SquadKind` varchar(20) NOT NULL,
  PRIMARY KEY (`SquadID`)
) ENGINE=InnoDB AUTO_INCREMENT=3 DEFAULT CHARSET=latin1;
/*!40101 SET character_set_client = @saved_cs_client */;

--
-- Dumping data for table `Squad`
--

LOCK TABLES `Squad` WRITE;
/*!40000 ALTER TABLE `Squad` DISABLE KEYS */;
INSERT INTO `Squad` VALUES (1,'Training Squad'),(2,'Competing Squad');
/*!40000 ALTER TABLE `Squad` ENABLE KEYS */;
UNLOCK TABLES;

--
-- Table structure for table `SquadMemDetails`
--

DROP TABLE IF EXISTS `SquadMemDetails`;
/*!40101 SET @saved_cs_client     = @@character_set_client */;
/*!40101 SET character_set_client = utf8 */;
CREATE TABLE `SquadMemDetails` (
  `MembershipID` int(11) NOT NULL,
  `SquadID` int(11) NOT NULL,
  UNIQUE KEY `MembershipID` (`MembershipID`),
  KEY `SquadID` (`SquadID`),
  CONSTRAINT `SquadMemDetails_ibfk_2` FOREIGN KEY (`SquadID`) REFERENCES `Squad` (`SquadID`),
  CONSTRAINT `SquadMemDetails_ibfk_1` FOREIGN KEY (`MembershipID`) REFERENCES `Athlete` (`MembershipID`)
) ENGINE=InnoDB DEFAULT CHARSET=latin1;
/*!40101 SET character_set_client = @saved_cs_client */;

--
-- Dumping data for table `SquadMemDetails`
--

LOCK TABLES `SquadMemDetails` WRITE;
/*!40000 ALTER TABLE `SquadMemDetails` DISABLE KEYS */;
INSERT INTO `SquadMemDetails` VALUES (1,1),(3,1),(5,1),(2,2),(4,2);
/*!40000 ALTER TABLE `SquadMemDetails` ENABLE KEYS */;
UNLOCK TABLES;

--
-- Table structure for table `Status`
--

DROP TABLE IF EXISTS `Status`;
/*!40101 SET @saved_cs_client     = @@character_set_client */;
/*!40101 SET character_set_client = utf8 */;
CREATE TABLE `Status` (
  `StatusID` int(11) NOT NULL AUTO_INCREMENT,
  `StatusKind` varchar(40) NOT NULL,
  PRIMARY KEY (`StatusID`)
) ENGINE=InnoDB AUTO_INCREMENT=8 DEFAULT CHARSET=latin1;
/*!40101 SET character_set_client = @saved_cs_client */;

--
-- Dumping data for table `Status`
--

LOCK TABLES `Status` WRITE;
/*!40000 ALTER TABLE `Status` DISABLE KEYS */;
INSERT INTO `Status` VALUES (1,'Active'),(2,'Injured'),(3,'Unavailable'),(4,'Suspended'),(5,'Blacklisted'),(6,'Inactive'),(7,'Moved on');
/*!40000 ALTER TABLE `Status` ENABLE KEYS */;
UNLOCK TABLES;

--
-- Table structure for table `Team`
--

DROP TABLE IF EXISTS `Team`;
/*!40101 SET @saved_cs_client     = @@character_set_client */;
/*!40101 SET character_set_client = utf8 */;
CREATE TABLE `Team` (
  `TeamID` int(11) NOT NULL AUTO_INCREMENT,
  `SportID` int(11) NOT NULL,
  `TeamName` varchar(40) NOT NULL,
  PRIMARY KEY (`TeamID`),
  KEY `SportID` (`SportID`),
  CONSTRAINT `Team_ibfk_1` FOREIGN KEY (`SportID`) REFERENCES `Sport` (`SportID`)
) ENGINE=InnoDB AUTO_INCREMENT=8 DEFAULT CHARSET=latin1;
/*!40101 SET character_set_client = @saved_cs_client */;

--
-- Dumping data for table `Team`
--

LOCK TABLES `Team` WRITE;
/*!40000 ALTER TABLE `Team` DISABLE KEYS */;
INSERT INTO `Team` VALUES (1,1,'Team 1'),(3,1,'Team 2'),(4,1,'Team 3'),(5,1,'Team C'),(6,1,'Team A'),(7,1,'Team B');
/*!40000 ALTER TABLE `Team` ENABLE KEYS */;
UNLOCK TABLES;

--
-- Table structure for table `TeamCoach`
--

DROP TABLE IF EXISTS `TeamCoach`;
/*!40101 SET @saved_cs_client     = @@character_set_client */;
/*!40101 SET character_set_client = utf8 */;
CREATE TABLE `TeamCoach` (
  `TeamID` int(11) NOT NULL,
  `CoachID` int(11) NOT NULL,
  `HeadCoach` varchar(3) NOT NULL,
  KEY `TeamID` (`TeamID`,`CoachID`),
  KEY `CoachID` (`CoachID`),
  CONSTRAINT `TeamCoach_ibfk_2` FOREIGN KEY (`CoachID`) REFERENCES `Coach` (`CoachID`),
  CONSTRAINT `TeamCoach_ibfk_1` FOREIGN KEY (`TeamID`) REFERENCES `Team` (`TeamID`)
) ENGINE=InnoDB DEFAULT CHARSET=latin1;
/*!40101 SET character_set_client = @saved_cs_client */;

--
-- Dumping data for table `TeamCoach`
--

LOCK TABLES `TeamCoach` WRITE;
/*!40000 ALTER TABLE `TeamCoach` DISABLE KEYS */;
INSERT INTO `TeamCoach` VALUES (1,3,'No'),(7,2,'Yes'),(1,1,'Yes'),(3,3,'Yes'),(6,4,'Yes'),(4,1,'Yes'),(5,4,'No'),(5,1,'Yes');
/*!40000 ALTER TABLE `TeamCoach` ENABLE KEYS */;
UNLOCK TABLES;

--
-- Table structure for table `TeamCompetitionHistory`
--

DROP TABLE IF EXISTS `TeamCompetitionHistory`;
/*!40101 SET @saved_cs_client     = @@character_set_client */;
/*!40101 SET character_set_client = utf8 */;
CREATE TABLE `TeamCompetitionHistory` (
  `CompetitionID` int(11) NOT NULL AUTO_INCREMENT,
  `TeamID` int(11) NOT NULL,
  `CompName` varchar(40) NOT NULL,
  `Date` date NOT NULL,
  `Time` time NOT NULL,
  `Venue` varchar(40) NOT NULL,
  PRIMARY KEY (`CompetitionID`),
  KEY `TeamID` (`TeamID`),
  CONSTRAINT `TeamCompetitionHistory_ibfk_1` FOREIGN KEY (`TeamID`) REFERENCES `Team` (`TeamID`)
) ENGINE=InnoDB DEFAULT CHARSET=latin1;
/*!40101 SET character_set_client = @saved_cs_client */;

--
-- Dumping data for table `TeamCompetitionHistory`
--

LOCK TABLES `TeamCompetitionHistory` WRITE;
/*!40000 ALTER TABLE `TeamCompetitionHistory` DISABLE KEYS */;
/*!40000 ALTER TABLE `TeamCompetitionHistory` ENABLE KEYS */;
UNLOCK TABLES;

--
-- Table structure for table `TeamGrade`
--

DROP TABLE IF EXISTS `TeamGrade`;
/*!40101 SET @saved_cs_client     = @@character_set_client */;
/*!40101 SET character_set_client = utf8 */;
CREATE TABLE `TeamGrade` (
  `TeamID` int(11) NOT NULL,
  `Grade` varchar(1) NOT NULL,
  UNIQUE KEY `TeamID` (`TeamID`),
  CONSTRAINT `TeamGrade_ibfk_1` FOREIGN KEY (`TeamID`) REFERENCES `Team` (`TeamID`)
) ENGINE=InnoDB DEFAULT CHARSET=latin1;
/*!40101 SET character_set_client = @saved_cs_client */;

--
-- Dumping data for table `TeamGrade`
--

LOCK TABLES `TeamGrade` WRITE;
/*!40000 ALTER TABLE `TeamGrade` DISABLE KEYS */;
INSERT INTO `TeamGrade` VALUES (1,'A'),(3,'C'),(5,'A'),(6,'B');
/*!40000 ALTER TABLE `TeamGrade` ENABLE KEYS */;
UNLOCK TABLES;

--
-- Table structure for table `TeamMemDetails`
--

DROP TABLE IF EXISTS `TeamMemDetails`;
/*!40101 SET @saved_cs_client     = @@character_set_client */;
/*!40101 SET character_set_client = utf8 */;
CREATE TABLE `TeamMemDetails` (
  `TeamID` int(11) NOT NULL,
  `MembershipID` int(11) NOT NULL,
  `SquadID` int(11) NOT NULL,
  `Position` varchar(40) NOT NULL,
  `IsPrimaryPos` varchar(3) NOT NULL,
  KEY `TeamID` (`TeamID`,`MembershipID`,`SquadID`),
  KEY `MembershipID` (`MembershipID`),
  KEY `SquadID` (`SquadID`),
  CONSTRAINT `TeamMemDetails_ibfk_1` FOREIGN KEY (`TeamID`) REFERENCES `Team` (`TeamID`),
  CONSTRAINT `TeamMemDetails_ibfk_2` FOREIGN KEY (`MembershipID`) REFERENCES `Athlete` (`MembershipID`),
  CONSTRAINT `TeamMemDetails_ibfk_3` FOREIGN KEY (`SquadID`) REFERENCES `Squad` (`SquadID`)
) ENGINE=InnoDB DEFAULT CHARSET=latin1;
/*!40101 SET character_set_client = @saved_cs_client */;

--
-- Dumping data for table `TeamMemDetails`
--

LOCK TABLES `TeamMemDetails` WRITE;
/*!40000 ALTER TABLE `TeamMemDetails` DISABLE KEYS */;
INSERT INTO `TeamMemDetails` VALUES (4,4,2,'Forward','Yes'),(7,2,2,'Forward','Yes'),(1,3,1,'Forward','Yes'),(3,3,1,'Guard','No'),(1,5,1,'Guard','No'),(5,5,1,'Forward','No'),(6,5,1,'Center','Yes'),(3,1,1,'Center','Yes'),(5,1,1,'Guard','No');
/*!40000 ALTER TABLE `TeamMemDetails` ENABLE KEYS */;
UNLOCK TABLES;

--
-- Table structure for table `Users`
--

DROP TABLE IF EXISTS `Users`;
/*!40101 SET @saved_cs_client     = @@character_set_client */;
/*!40101 SET character_set_client = utf8 */;
CREATE TABLE `Users` (
  `UserID` int(11) NOT NULL,
  `PermissionCode` int(11) NOT NULL,
  `Password` varchar(32) NOT NULL,
  `Username` varchar(32) NOT NULL,
  `Name` varchar(40) NOT NULL,
  PRIMARY KEY (`UserID`),
  KEY `PermissionCode` (`PermissionCode`),
  CONSTRAINT `Users_ibfk_1` FOREIGN KEY (`PermissionCode`) REFERENCES `Permission` (`PermissionCode`)
) ENGINE=InnoDB DEFAULT CHARSET=latin1;
/*!40101 SET character_set_client = @saved_cs_client */;

--
-- Dumping data for table `Users`
--

LOCK TABLES `Users` WRITE;
/*!40000 ALTER TABLE `Users` DISABLE KEYS */;
/*!40000 ALTER TABLE `Users` ENABLE KEYS */;
UNLOCK TABLES;
/*!40103 SET TIME_ZONE=@OLD_TIME_ZONE */;

/*!40101 SET SQL_MODE=@OLD_SQL_MODE */;
/*!40014 SET FOREIGN_KEY_CHECKS=@OLD_FOREIGN_KEY_CHECKS */;
/*!40014 SET UNIQUE_CHECKS=@OLD_UNIQUE_CHECKS */;
/*!40101 SET CHARACTER_SET_CLIENT=@OLD_CHARACTER_SET_CLIENT */;
/*!40101 SET CHARACTER_SET_RESULTS=@OLD_CHARACTER_SET_RESULTS */;
/*!40101 SET COLLATION_CONNECTION=@OLD_COLLATION_CONNECTION */;
/*!40111 SET SQL_NOTES=@OLD_SQL_NOTES */;

-- Dump completed on 2011-10-14  0:58:35
